userID,placeID,Rpayment,Rcuisine,hours,days,parking_lot,name,address,city,state,country,alcohol,smoking_area,dress_code,accessibility,price,area,rating,food_rating,service_rating,y/n,Rcuisine_customer,Upayment,smoker,drink_level,dress_preference,ambience,transport,marital_status,hijos,birth_year,interest,personality,religion,activity,color,weight,budget,height
U1001,135110,cash,Spanish,00:00-23:30;,Mon;Tue;Wed;Thu;Fri;,public,Kiku Cuernavaca,Revolucion,Cuernavaca,Morelos,Mexico,No_Alcohol_Served,none,informal,no_accessibility,medium,closed,1,2,2,_,American,cash,FALSE,abstemious,informal,family,on foot,single,independent,1989,variety,thrifty-protector,none,student,black,69,medium,1.77
U1002,135110,VISA,Italian,00:00-23:30;,Sat;,none,puesto de tacos,esquina santos degollado y leon guzman,s.l.p.,s.l.p.,mexico,No_Alcohol_Served,none,informal,completely,low,open,2,1,1,_,Mexican,cash,FALSE,abstemious,informal,family,public,single,independent,1990,technology,hunter-ostentatious,Catholic,student,red,40,low,1.87
U1003,135110,MasterCard-Eurocard,Latin_American,00:00-23:30;,Sun;,none,El Rincón de San Francisco,Universidad 169,San Luis Potosi,San Luis Potosi,Mexico,Wine-Beer,only at bar,informal,partially,medium,open,2,2,2,_,Mexican,cash,FALSE,social drinker,formal,family,public,single,independent,1989,none,hard-worker,Catholic,student,blue,60,low,1.69
U1004,135110,American_Express,Mexican,08:00-19:00;,Mon;Tue;Wed;Thu;Fri;,none,little pizza Emilio Portes Gil,calle emilio portes gil,victoria ,tamaulipas,?,No_Alcohol_Served,none,informal,completely,low,closed,1,2,2,_,Bakery,cash,FALSE,abstemious,informal,family,public,single,independent,1940,variety,hard-worker,none,professional,green,44,medium,1.53
U1004,135110,bank_debit_cards,Fast_Food,00:00-00:00;,Sat;,none,carnitas_mata,lic. Emilio portes gil,victoria,Tamaulipas,Mexico,No_Alcohol_Served,permitted,informal,completely,medium,closed,1,1,2,_,Breakfast-Brunch,bank_debit_cards,FALSE,abstemious,no preference,family,public,single,independent,1992,none,thrifty-protector,Catholic,student,black,65,medium,1.69
U1004,135109,cash,Mexican,00:00-00:00;,Sun;,none,Restaurant los Compadres,Camino a Simon Diaz 155 Centro,San Luis Potosi,SLP,Mexico,Wine-Beer,none,informal,no_accessibility,high,closed,2,0,0,_,Japanese,cash,TRUE,social drinker,no preference,friends,car owner,single,independent,1989,variety,hard-worker,none,student,blue,75,medium,1.8
U1004,135107,cash,Burgers,08:00-21:00;,Mon;Tue;Wed;Thu;Fri;,none,Taqueria EL amigo ,Calle Mezquite Fracc Framboyanes,Cd Victoria,Tamaulipas,Mexico,No_Alcohol_Served,none,casual,completely,low,open,1,1,1,_,Contemporary,cash,FALSE,casual drinker,informal,solitary,public,single,independent,1989,variety,thrifty-protector,Catholic,student,purple,60,low,1.59
U1004,135107,VISA,Dessert-Ice_Cream,08:00-21:00;,Sat;,yes,shi ro ie,?,?,?,?,Wine-Beer,section,informal,no_accessibility,high,open,0,2,0,_,Mexican,cash,FALSE,social drinker,formal,solitary,public,single,independent,1989,technology,hard-worker,Catholic,student,green,68,low,1.72
U1004,135107,MasterCard-Eurocard,Fast_Food,08:00-21:00;,Sun;,valet parking,Pollo_Frito_Buenos_Aires,tampico,victoria,Tamaulipas,Mexico,No_Alcohol_Served,not permitted,informal,completely,low,closed,1,2,1,_,Bagels,cash,FALSE,abstemious,formal,family,on foot,single,kids,1991,variety,thrifty-protector,Catholic,student,green,75,medium,1.78
U1004,135107,American_Express,Hot_Dogs,00:00-23:30;,Mon;Tue;Wed;Thu;Fri;,valet parking,la Estrella de Dimas,Villa de Pozos 192 Villa de Pozos,San Luis Potosi,SLP,Mexico,No_Alcohol_Served,none,informal,no_accessibility,medium,closed,1,2,2,_,Cafe-Coffee_Shop,cash,FALSE,social drinker,no preference,friends,car owner,married,kids,1987,technology,hard-worker,none,student,green,40,medium,1.67
U1004,135107,bank_debit_cards,Latin_American,00:00-23:30;,Sat;,public,Restaurante 75,Villa de Pozos 4497 Villa de Pozos,San Luis Potosi,SLP,Mexico,No_Alcohol_Served,none,informal,no_accessibility,medium,closed,1,1,1,_,Continental-European,cash,FALSE,abstemious,no preference,family,public,single,independent,1989,variety,hard-worker,Catholic,student,purple,68,medium,1.78
U1004,135106,cash,Mexican,00:00-23:30;,Sun;,none,Abondance Restaurante Bar,Industrias 908 Valle Dorado,San Luis Potosi,SLP,Mexico,Wine-Beer,none,informal,no_accessibility,low,closed,1,2,2,_,Cafeteria,cash,FALSE,casual drinker,formal,family,public,single,independent,1988,technology,hard-worker,Catholic,student,red,98,medium,1.84
U1005,135106,VISA,Steaks,07:00-23:30;,Mon;Tue;Wed;Thu;Fri;,valet parking,El angel Restaurante,Venustiano Carranza 1625 Jardin,San Luis Potosi,SLP,Mexico,Wine-Beer,section,informal,no_accessibility,high,closed,1,2,1,_,American,cash,FALSE,abstemious,no preference,friends,public,widow,independent,1982,retro,thrifty-protector,none,professional,blue,80,medium,1.75
U1006,135106,MasterCard-Eurocard,Mexican,07:00-23:30;,Sat;,valet parking,Restaurante Pueblo Bonito,Mexico 2015 Providencia,San Luis Potosi,SLP,Mexico,Wine-Beer,none,informal,no_accessibility,high,closed,0,0,0,_,Mexican,bank_debit_cards,FALSE,abstemious,?,friends,public,single,independent,1990,none,hard-worker,Catholic,student,blue,53,medium,1.69
U1007,135105,cash,Steaks,07:00-23:30;,Sun;,yes,Mcdonalds Parque Tangamanga,Lateral Salvador Nava Martinez 3145,San Luis Potosi,SLP,Mexico,No_Alcohol_Served,not permitted,informal,no_accessibility,medium,closed,1,1,0,_,Family,MasterCard-Eurocard,TRUE,social drinker,informal,family,public,single,independent,1989,technology,thrifty-protector,Catholic,student,black,87,medium,1.67
U1008,135104,cash,Mexican,18:00-23:30;,Mon;Tue;Wed;Thu;Fri;,public,Tortas y hamburguesas el gordo,Ricardo B. Anaya,San Luis Potosi,San Luis Potosi,Mexico,No_Alcohol_Served,not permitted,informal,no_accessibility,low,closed,1,2,1,_,Cafe-Coffee_Shop,cash,FALSE,casual drinker,informal,friends,on foot,single,independent,1991,eco-friendly,thrifty-protector,Catholic,student,green,70,medium,1.67
U1008,135104,VISA,Steaks,18:00-23:30;,Sat;,yes,Sirlone,carr. mexico,San Luis Potosi,San Luis Potosi,Mexico,Wine-Beer,none,informal,completely,medium,closed,0,0,2,_,Mexican,cash,FALSE,casual drinker,formal,family,public,single,?,1991,retro,hunter-ostentatious,none,professional,orange,79,medium,1.79
U1008,135104,MasterCard-Eurocard,Asian,18:00-21:00;,Sun;,none,rockabilly ,agustin de iturbide,san luis potosi,san luis potosi,mexico,Full_Bar,section,informal,completely,low,closed,1,2,0,_,Juice,cash,TRUE,casual drinker,formal,friends,public,single,independent,1989,technology,thrifty-protector,Christian,student,blue,65,low,1.83
U1008,135103,cash,Dessert-Ice_Cream,00:00-23:30;,Mon;Tue;Wed;Thu;Fri;,fee,Unicols Pizza,Plaza del Carmen,San Luis Potosi,San Luis Potosi,Mexico,Wine-Beer,none,informal,completely,low,closed,2,0,2,_,Hawaiian,cash,FALSE,casual drinker,no preference,family,public,single,independent,1989,variety,thrifty-protector,Catholic,student,purple,59,medium,1.6
U1008,135103,VISA,International,20:30-23:30;,Sat;,public,TACOS EL GUERO,?,victoria,tamaulipas,mexico,No_Alcohol_Served,none,informal,completely,low,closed,1,2,2,_,Hot_Dogs,cash,FALSE,abstemious,no preference,friends,public,single,independent,1982,technology,hard-worker,Catholic,professional,blue,40,medium,1.68
U1008,135103,MasterCard-Eurocard,Mongolian,00:00-23:30;,Sun;,yes,Restaurant El Muladar de Calzada,De Guadalupe 460 San Miguelito,San Luis Potosi,SLP,Mexico,No_Alcohol_Served,section,informal,no_accessibility,medium,closed,1,2,0,_,Latin_American,VISA,FALSE,social drinker,no preference,family,car owner,single,dependent,1984,none,hard-worker,Catholic,student,purple,108,medium,1.62
U1008,135102,cash,Steaks,00:00-23:30;,Mon;Tue;Wed;Thu;Fri;,public,La Posada del Virrey,Av. V. Carranza,San Luis Potosi,San Luis Potosi,Mexico,Wine-Beer,none,casual,completely,high,closed,1,0,2,_,Korean,cash,FALSE,casual drinker,formal,family,car owner,single,independent,1990,variety,hard-worker,Catholic,student,purple,46,medium,1.54
U1008,135102,VISA,Vegetarian,00:00-23:30;,Sat;,yes,Restaurant and Bar and Clothesline Carlos N Charlies,Domingo 10 711 El Empleado,Cuernavaca,Morelos,Mexico,Full_Bar,section,informal,no_accessibility,high,closed,2,2,2,_,American,cash,FALSE,casual drinker,informal,friends,car owner,single,independent,1988,none,hard-worker,Catholic,student,blue,103,low,1.79
U1008,135102,MasterCard-Eurocard,Brazilian,00:00-23:30;,Sun;,public,KFC,?,San Luis Potosi,San Luis Potosi,Mexico,No_Alcohol_Served,not permitted,informal,completely,low,closed,2,2,1,_,Cafeteria,cash,?,abstemious,?,?,?,?,?,1930,none,hard-worker,none,?,yellow,40,?,1.2
U1008,135102,bank_debit_cards,International,12:00-22:00;,Mon;Tue;Wed;Thu;Fri;,yes,Giovannis,40 Norte Civac 1RA. Seccion,Jiutepec,Morelos,Mexico,No_Alcohol_Served,none,informal,no_accessibility,low,closed,2,2,2,_,Italian,bank_debit_cards,FALSE,social drinker,no preference,family,public,single,?,1990,none,thrifty-protector,Catholic,student,red,65,medium,1.79
U1009,135101,cash,Latin_American,12:00-23:00;,Sat;,none,Restaurant Oriental Express,Tangamanga 7 Tangamanga,San Luis Potosi,SLP,Mexico,No_Alcohol_Served,none,informal,no_accessibility,medium,closed,2,2,2,_,Diner,cash,FALSE,abstemious,formal,family,public,single,independent,1989,technology,hunter-ostentatious,Catholic,student,red,49,medium,1.55
U1009,135100,cash,Steaks,12:00-22:00;,Sun;,none,Mariscos Tia Licha,avenida salvador montiel ,cuernavaca,morelos,mexico,No_Alcohol_Served,not permitted,casual,partially,medium,closed,2,2,2,_,Fast_Food,cash,TRUE,social drinker,no preference,?,public,single,independent,1989,retro,thrifty-protector,Catholic,student,purple,60,low,1.65
U1009,135099,cash,Cafe-Coffee_Shop,09:00-23:00;,Mon;Tue;Wed;Thu;Fri;,none,cafe ambar,?,?,?,?,No_Alcohol_Served,none,informal,completely,low,closed,1,2,1,_,Family,cash,FALSE,abstemious,no preference,family,public,single,independent,1989,variety,hard-worker,Christian,student,blue,77,medium,1.63
U1009,135099,VISA,Cafeteria,09:00-01:00;,Sat;,none,Restaurante la Gran Via,Venustiano Carranza 560 Centro,San Luis Potosi,SLP,Mexico,Wine-Beer,none,casual,no_accessibility,high,closed,2,2,1,_,Cafe-Coffee_Shop,cash,TRUE,casual drinker,formal,family,public,single,independent,1990,variety,conformist,Catholic,student,white,58,low,1.6
U1009,135099,MasterCard-Eurocard,Contemporary,09:00-22:00;,Sun;,yes,don burguers,r.b. anaya esq. florencia,slp,slp,mexico,No_Alcohol_Served,none,informal,no_accessibility,low,open,1,1,1,_,Deli-Sandwiches,bank_debit_cards,FALSE,casual drinker,formal,family,on foot,single,independent,1991,eco-friendly,hard-worker,Catholic,student,black,64,medium,1.75
U1009,135098,cash,Deli-Sandwiches,13:00-08:00;,Mon;Tue;Wed;Thu;Fri;,yes,Restaurante y Pescaderia Tampico,Ricardo B. Anaya 2700 Estrella de Oriente,San Luis Potosi,SLP,Mexico,No_Alcohol_Served,none,informal,no_accessibility,high,closed,1,1,0,_,Cafeteria,cash,FALSE,abstemious,informal,solitary,?,married,kids,1992,none,hard-worker,Catholic,unemployed,white,40,medium,1.6
U1009,135098,VISA,Diner,13:00-08:00;,Sat;,yes,Rincon del Bife,?,?,?,?,Full_Bar,section,informal,completely,high,closed,0,0,0,_,Mexican,cash,FALSE,abstemious,formal,family,public,single,independent,1989,variety,hard-worker,Catholic,student,blue,40,medium,1.75
U1010,135098,MasterCard-Eurocard,Mexican,13:00-08:00;,Sun;,yes,La Fontana Pizza Restaurante and Cafe,Satelite 606 Satelite,San Luis Potosi,SLP,Mexico,No_Alcohol_Served,section,informal,no_accessibility,high,closed,0,0,0,_,Mexican,cash,FALSE,social drinker,no preference,family,on foot,single,?,1991,none,hard-worker,none,student,yellow,54,low,1.6
U1011,135098,bank_debit_cards,Mexican,14:00-23:30;,Mon;Tue;Wed;Thu;Fri;,public,Restaurante la Estrella de Dima,Soledad Sn Arboledas de Soledad,Soledad,SLP,Mexico,Wine-Beer,none,informal,no_accessibility,high,closed,0,0,0,_,Mexican,cash,FALSE,casual drinker,informal,family,public,single,independent,1990,technology,thrifty-protector,Catholic,student,yellow,50,medium,1.58
U1012,135097,cash,Mexican,14:00-23:30;,Sat;,yes,El Rincon de San Francisco,1a. de Lozada 1,San Luis Potosi,SLP,Mexico,No_Alcohol_Served,none,informal,no_accessibility,medium,closed,1,1,1,_,Latin_American,cash,TRUE,casual drinker,no preference,friends,car owner,single,independent,1985,variety,hunter-ostentatious,none,student,red,69,medium,1.75
U1013,135097,VISA,Cafeteria,14:00-23:30;,Sun;,none,Preambulo Wifi Zone Cafe,Anahuac 805,San Luis Potosi,SLP,Mexico,No_Alcohol_Served,none,informal,no_accessibility,medium,closed,0,0,0,_,Japanese,American_Express,FALSE,social drinker,informal,family,public,single,independent,1991,none,hard-worker,Catholic,student,blue,76,medium,1.7
U1014,135097,MasterCard-Eurocard,Mexican,13:00-23:00;,Mon;Tue;Wed;Thu;Fri;,yes,El Herradero Restaurante and Bar,Costado Sur Central Camionera Km 2,San Luis Potosi,SLP,Mexico,Wine-Beer,section,informal,no_accessibility,medium,closed,0,0,0,_,Japanese,cash,FALSE,social drinker,no preference,family,public,single,independent,1990,variety,thrifty-protector,Catholic,student,blue,52,low,1.5
U1014,135097,bank_debit_cards,Japanese,13:00-00:00;,Sat;,yes,Koye Sushi,Nereo Rodriguez Barragan 450 E Centro,San Luis Potosi,SLP,Mexico,No_Alcohol_Served,none,informal,no_accessibility,high,closed,0,0,0,_,Fast_Food,cash,TRUE,social drinker,no preference,family,public,single,independent,1930,variety,thrifty-protector,Catholic,student,blue,97,low,1.83
U1015,135094,cash,Sushi,13:00-22:00;,Sun;,yes,Restaurant Teely,La Pradera,Cuernavaca,Morelos,Mexico,Wine-Beer,section,casual,no_accessibility,high,closed,0,0,0,_,Mexican,cash,FALSE,social drinker,no preference,friends,?,single,independent,1989,none,hard-worker,none,student,yellow,83,medium,1.73
U1016,135093,cash,Mexican,13:00-23:30;,Mon;Tue;Wed;Thu;Fri;,yes,la parroquia,venustiano carranza,san luis potosi,san luis potosi,?,No_Alcohol_Served,not permitted,informal,partially,medium,closed,0,0,0,_,Cafe-Coffee_Shop,cash,FALSE,abstemious,no preference,friends,public,single,independent,1994,none,thrifty-protector,Catholic,student,blue,73,medium,1.64
U1016,135093,bank_debit_cards,Seafood,13:00-00:30;,Sat;,none,Luna Cafe,Francisco I. Madero 215,San Luis Potosi,SLP,Mexico,Wine-Beer,none,informal,no_accessibility,medium,closed,0,0,0,_,Contemporary,VISA,FALSE,abstemious,no preference,friends,on foot,single,independent,1985,eco-friendly,hunter-ostentatious,Catholic,professional,white,40,medium,1.62
U1016,135092,cash,Cafeteria,13:00-01:00;,Sun;,yes,Hamburguesas La perica,cd. mier,victoria,Tamaulipas,Mexico,No_Alcohol_Served,permitted,informal,completely,low,open,0,0,0,_,Regional,cash,FALSE,abstemious,no preference,family,car owner,single,independent,1943,technology,thrifty-protector,Christian,student,yellow,40,high,1.4
U1016,135091,cash,Burgers,10:00-23:30;,Mon;Tue;Wed;Thu;Fri;,none,Restaurante El Reyecito,Agricultura 595 del Valle,San Luis Potosi,SLP,Mexico,No_Alcohol_Served,none,informal,no_accessibility,medium,closed,0,0,0,_,Fusion,cash,FALSE,abstemious,no preference,solitary,public,single,independent,1989,technology,hard-worker,none,student,white,60,medium,1.64
U1016,135091,VISA,Fast_Food,10:00-23:30;,Sat;,yes,churchs,?,?,?,?,No_Alcohol_Served,none,informal,completely,low,closed,2,2,2,_,Japanese,cash,TRUE,social drinker,informal,family,car owner,married,kids,1969,variety,thrifty-protector,Catholic,professional,orange,85,medium,1.73
U1016,135091,MasterCard-Eurocard,Fast_Food,11:00-23:30;,Sun;,none,Dominos Pizza,Ricardo B. Anaya,San Luis Potosi,San Luis Potosi,Mexico,No_Alcohol_Served,not permitted,informal,no_accessibility,medium,closed,2,2,2,_,Portuguese,cash,FALSE,casual drinker,elegant,friends,car owner,single,independent,1991,technology,thrifty-protector,Mormon,student,orange,68,high,1.6
U1016,135090,cash,Chinese,11:00-23:30;,Mon;Tue;Wed;Thu;Fri;,yes,el pueblito,?,?,?,?,Wine-Beer,not permitted,informal,completely,medium,closed,2,1,2,_,American,cash,FALSE,social drinker,no preference,friends,car owner,single,independent,1990,retro,hard-worker,Catholic,student,black,82,medium,1.84
U1016,135089,cash,Seafood,11:00-23:30;,Sat;,yes,emilianos,venustiano carranza,san luis potos,mexico,?,Wine-Beer,none,informal,completely,low,closed,1,2,1,_,Indian-Pakistani,bank_debit_cards,FALSE,abstemious,no preference,family,public,single,independent,1992,retro,thrifty-protector,Catholic,student,purple,60,medium,1.63
U1016,135089,VISA,Contemporary,11:00-22:00;,Sun;,none,Restaurant Bar Hacienda los Martinez,Santos Degollado 745 los Alamitos,San Luis Potosi,SLP,Mexico,Wine-Beer,section,informal,no_accessibility,medium,closed,0,0,0,_,Eastern_European,cash,TRUE,casual drinker,no preference,?,public,single,independent,1988,eco-friendly,thrifty-protector,none,student,green,65,medium,1.7
U1016,135089,MasterCard-Eurocard,Bar,12:00-22:00;,Mon;Tue;Wed;Thu;Fri;,yes,Vips,Emiliano Zapata No. 825 Tlaltenongo,Cuernavaca,Morelos,Mexico,Wine-Beer,none,informal,completely,medium,closed,1,2,1,_,Lebanese,American_Express,FALSE,casual drinker,informal,solitary,public,single,?,1991,none,hard-worker,none,student,blue,55,?,1.6
U1016,135089,bank_debit_cards,Bar_Pub_Brewery,12:00-22:00;,Sat;,public,Restaurante Alhondiga,Alhondiga 62 Centro,San Luis Potosi,SLP,Mexico,No_Alcohol_Served,none,informal,no_accessibility,medium,closed,1,2,1,_,Moroccan,VISA,FALSE,social drinker,no preference,family,car owner,single,independent,1989,variety,hard-worker,none,student,green,73,medium,1.71
U1016,135088,cash,Japanese,12:00-22:00;,Sun;,yes,los Toneles,Estatuto Juridico 1040 Burocratas,San Luis Potosi,SLP,Mexico,No_Alcohol_Served,section,informal,no_accessibility,high,closed,2,2,2,_,Barbecue,bank_debit_cards,FALSE,casual drinker,no preference,family,public,single,independent,1979,variety,thrifty-protector,none,professional,blue,74,medium,1.76
U1016,135086,cash,Bar,09:00-17:00;,Mon;Tue;Wed;Thu;Fri;,none,Restaurant los Pinos,Federal Mexico - Acapulco 10 3 de Mayo,Cuernavaca,Morelos,Mexico,No_Alcohol_Served,none,informal,no_accessibility,medium,closed,1,2,0,_,Polynesian,cash,TRUE,social drinker,no preference,family,on foot,single,independent,1990,none,conformist,Catholic,student,blue,85,low,1.8
U1016,135086,VISA,Bar_Pub_Brewery,09:00-13:00;,Sat;,yes,Restaurante Guerra,20 de Noviembre 1817 Tlaxcala,San Luis Potosi,SLP,Mexico,Wine-Beer,section,informal,no_accessibility,high,closed,1,2,1,_,Polish,VISA,FALSE,casual drinker,informal,family,public,single,independent,1990,variety,thrifty-protector,Catholic,student,red,66,low,1.72
U1017,135086,MasterCard-Eurocard,Bar,00:00-23:30;,Sun;,yes,Michiko Restaurant Japones,Cordillera de Los Alpes 160 Lomas 2 Seccion,San Luis Potosi,SLP,Mexico,No_Alcohol_Served,none,informal,no_accessibility,medium,closed,1,1,1,_,Chinese,bank_debit_cards,FALSE,social drinker,formal,family,public,single,independent,1992,technology,thrifty-protector,Catholic,student,blue,59,medium,1.7
U1018,135085,cash,Contemporary,11:00-21:00;,Mon;Tue;Wed;Thu;Fri;,yes,Restaurante Marisco Sam,Ignacio Allende 785 Centro,San Luis Potosi,SLP,Mexico,No_Alcohol_Served,none,informal,no_accessibility,medium,closed,1,2,1,_,Mexican,cash,FALSE,abstemious,no preference,family,car owner,married,dependent,1952,none,hard-worker,Catholic,professional,blue,70,medium,1.66
U1019,135084,cash,Seafood,11:00-21:00;,Sat;,none,la Cochinita Pibil Restaurante Yucateco,Venustiano Carranza 2175 Jardin,San Luis Potosi,SLP,Mexico,No_Alcohol_Served,section,informal,no_accessibility,high,closed,1,1,1,_,Family,MasterCard-Eurocard,FALSE,social drinker,informal,family,on foot,single,independent,1930,none,hard-worker,Catholic,student,yellow,61,medium,1.62
U1020,135084,VISA,Bar,11:00-21:00;,Sun;,none,Potzocalli,Carretera Central Sn,San Luis Potosi,?,?,No_Alcohol_Served,none,informal,completely,low,closed,2,2,1,_,Mexican,cash,TRUE,casual drinker,formal,friends,public,single,independent,1989,technology,hunter-ostentatious,Catholic,student,yellow,69,medium,1.83
U1021,135084,MasterCard-Eurocard,Pizzeria,07:00-00:00;,Mon;Tue;Wed;Thu;Fri;,yes,Restaurante la Parroquia Potosina,Venustiano Carranza 303 Centro,San Luis Potosi,SLP,Mexico,Wine-Beer,section,informal,no_accessibility,high,closed,2,2,2,_,Pizzeria,cash,FALSE,abstemious,formal,family,public,single,independent,1991,variety,hard-worker,Catholic,student,red,74,low,1.78
U1021,135082,cash,Bar,07:00-00:00;,Sat;,none,El Oceano Dorado,Libramiento Burgos Colonia Las Animas,Cuernavaca,Morelos,Mexico,Full_Bar,permitted,informal,completely,medium,open,2,2,2,_,Regional,cash,FALSE,abstemious,formal,friends,on foot,single,independent,1987,technology,thrifty-protector,Catholic,student,blue,57,medium,1.69
U1021,135081,cash,Bar,07:00-00:00;,Sun;,yes,Restaurante El Chivero S.A. de C.V.,Angel Veral 328 Altamira,San Luis Potosi,SLP,Mexico,No_Alcohol_Served,none,informal,no_accessibility,high,closed,2,2,1,_,Chinese,cash,FALSE,casual drinker,formal,family,public,single,independent,1991,technology,thrifty-protector,Catholic,student,blue,82,medium,1.84
U1021,135081,VISA,Mexican,13:00-20:00;,Mon;Tue;Wed;Thu;Fri;,yes,Restaurant la Chalita,Guajardo Sn San Luis Potosi Centro,San Luis Potosi,SLP,Mexico,No_Alcohol_Served,section,informal,no_accessibility,medium,closed,0,0,0,_,Burgers,cash,FALSE,social drinker,no preference,friends,car owner,single,independent,1990,none,hard-worker,Catholic,professional,blue,40,medium,1.76
U1022,135081,MasterCard-Eurocard,Seafood,13:00-20:00;,Sat;,yes,El Club,Mexico 810 Centro,San Luis Potosi,SLP,Mexico,No_Alcohol_Served,none,informal,no_accessibility,medium,closed,2,2,2,_,Mexican,cash,FALSE,casual drinker,informal,friends,car owner,single,independent,1985,variety,hard-worker,Catholic,student,yellow,88,medium,1.68
U1023,135080,cash,Cafeteria,13:00-20:00;,Sun;,yes,Gordas de morales,?,?,San Luis Potosi,Mexico,Full_Bar,section,informal,completely,medium,closed,1,1,1,_,Mexican,VISA,FALSE,casual drinker,formal,family,public,single,independent,1988,eco-friendly,conformist,Catholic,student,red,80,medium,1.78
U1024,135080,VISA,Fast_Food,09:00-16:00;,Mon;Tue;Wed;Thu;Fri;,none,Restaurante Versalles,Francisco I. Madero 145 Centro,San Luis Potosi,SLP,Mexico,No_Alcohol_Served,section,informal,no_accessibility,low,closed,2,2,1,_,Afghan,cash,FALSE,casual drinker,formal,solitary,public,single,independent,1991,variety,hunter-ostentatious,none,student,blue,94,medium,1.77
U1025,135080,MasterCard-Eurocard,Pizzeria,00:00-00:00;,Sat;,none,Subway,Rio Mayo 17 Vista Hermosa,Cuernavaca,Morelos,Mexico,No_Alcohol_Served,not permitted,informal,no_accessibility,low,closed,2,2,2,_,Mexican,cash,FALSE,abstemious,formal,friends,public,single,independent,1989,technology,conformist,Catholic,student,green,55,medium,1.72
U1026,135080,American_Express,Bar,00:00-00:00;,Sun;,none,La Cantina Restaurante,Ignacio Aldama 300 Centro,San Luis Potosi,SLP,Mexico,Full_Bar,none,informal,no_accessibility,high,closed,1,2,1,_,Mexican,cash,FALSE,abstemious,informal,solitary,public,single,?,1986,technology,thrifty-protector,Catholic,student,green,45,low,1.45
U1027,135079,cash,Bar_Pub_Brewery,08:00-23:00;,Mon;Tue;Wed;Thu;Fri;,none,Cenaduria El RincÃ³n de Tlaquepaque,av. seminario,san luis potosi,san luis potosi,mexico,No_Alcohol_Served,none,informal,no_accessibility,medium,closed,2,2,1,_,Family,cash,FALSE,abstemious,no preference,family,public,single,independent,1987,technology,thrifty-protector,Christian,student,green,92,medium,1.73
U1028,135079,American_Express,Seafood,08:00-23:00;,Sat;,yes,Los Vikingos,36 Sur Civac,Jiutepec,Morelos,Mexico,No_Alcohol_Served,none,informal,no_accessibility,medium,closed,1,1,1,_,Mexican,cash,FALSE,casual drinker,informal,friends,public,single,independent,1988,technology,thrifty-protector,Catholic,student,blue,72,low,1.57
U1029,135078,cash,Bar,08:00-23:00;,Sun;,yes,Hamburguesas Valle Dorado,Av. Coral,San Luis Potosi,San Luis Potosi,Mexico,No_Alcohol_Served,none,informal,completely,low,closed,1,2,1,_,Mexican,cash,FALSE,social drinker,no preference,family,public,single,independent,1983,variety,thrifty-protector,Catholic,professional,black,60,medium,1.56
U1030,135078,VISA,Fast_Food,00:00-00:00;,Mon;Tue;Wed;Thu;Fri;,none,la Cantina,Capitan Caldera No. 420 Tequisqueapan,San Luis Potosi,SLP,Mexico,Full_Bar,none,informal,no_accessibility,high,closed,2,1,2,_,Mexican,cash,FALSE,casual drinker,informal,friends,public,single,independent,1991,variety,thrifty-protector,Catholic,student,green,47,low,1.6
U1031,135078,MasterCard-Eurocard,Chinese,00:00-00:00;,Sat;,yes,dairy queen,?,?,?,?,No_Alcohol_Served,none,informal,completely,low,closed,1,1,0,_,Mexican,VISA,FALSE,abstemious,formal,friends,car owner,single,independent,1930,none,hunter-ostentatious,none,student,blue,40,high,1.73
U1032,135077,cash,Fast_Food,00:00-00:00;,Sun;,yes,Arrachela Grill,69 Tres De Mayo,Cuernavaca,Morelos,Mexico,No_Alcohol_Served,none,informal,no_accessibility,medium,closed,2,2,2,_,Mexican,cash,FALSE,casual drinker,no preference,family,public,single,independent,1984,eco-friendly,thrifty-protector,Christian,student,red,50,medium,1.54
U1033,135076,cash,Pizzeria,11:00-23:00;,Mon;Tue;Wed;Thu;Fri;,yes,vips,?,?,?,?,Full_Bar,not permitted,informal,completely,medium,closed,1,2,1,_,Mexican,cash,FALSE,abstemious,informal,solitary,car owner,widow,kids,1989,none,hard-worker,none,unemployed,yellow,118,medium,1.79
U1034,135076,VISA,Chinese,11:00-23:00;,Sat;,none,palomo tec,blvrd emilio portes gil,victoria,tamaulipas,?,No_Alcohol_Served,none,informal,completely,low,closed,1,1,1,_,Mexican,cash,TRUE,casual drinker,no preference,family,car owner,single,kids,1967,eco-friendly,hard-worker,Catholic,professional,black,68,medium,1.7
U1035,135076,MasterCard-Eurocard,Bar,11:00-23:00;,Sun;,none,Restaurante Casa de las Flores,General Mariano Arista 1205 Barrio de Tequisquiap,San Luis Potosi,SLP,Mexico,Wine-Beer,section,informal,no_accessibility,high,closed,1,1,2,_,Family,cash,FALSE,casual drinker,informal,family,car owner,single,independent,1991,technology,thrifty-protector,Catholic,student,white,68,medium,1.6
U1036,135076,American_Express,Cafeteria,10:00-18:00;,Mon;Tue;Wed;Thu;Fri;,public,VIPS,NICOLAS ZAPATA 300,San Luis Potosi,San Luis Potosi,Mexico,No_Alcohol_Served,not permitted,casual,completely,low,closed,2,2,2,_,Mexican,bank_debit_cards,FALSE,social drinker,elegant,family,public,married,kids,1987,technology,thrifty-protector,Catholic,student,blue,65,medium,1.71
U1037,135075,cash,Seafood,10:00-18:00;,Sat;,yes,TACOS CORRECAMINOS,?,victoria,tamaulipas,mexico,No_Alcohol_Served,none,informal,completely,low,closed,2,2,2,_,Mexican,VISA,FALSE,social drinker,elegant,family,public,married,kids,1987,technology,thrifty-protector,Catholic,student,blue,65,medium,1.71
U1038,135074,cash,Mexican,10:00-18:00;,Sun;,none,Restaurant Wu Zhuo Yi,Himno Nacional 100 Avenida,San Luis Potosi,SLP,Mexico,No_Alcohol_Served,none,informal,no_accessibility,medium,closed,2,2,2,_,Mexican,cash,TRUE,social drinker,informal,solitary,car owner,single,independent,1983,variety,hard-worker,Catholic,professional,blue,69,medium,1.69
U1039,135074,VISA,Bar,14:00-23:30;,Mon;Tue;Wed;Thu;Fri;,none,El Mundo de la Pasta,Rio Papaloapan 265 Lomas de San Luis (3),San Luis Potosi,SLP,Mexico,No_Alcohol_Served,section,informal,no_accessibility,high,closed,2,2,2,_,Regional,cash,FALSE,abstemious,formal,family,public,single,independent,1992,technology,thrifty-protector,Catholic,?,black,53,medium,1.55
U1040,135074,MasterCard-Eurocard,Italian,14:00-23:30;,Sat;,none,Restaurante la Cantina,De La Estrella 2005 Estrella de Oriente,San Luis Potosi,SLP,Mexico,Full_Bar,section,informal,no_accessibility,medium,closed,2,2,2,_,Pizzeria,cash,TRUE,social drinker,formal,friends,car owner,single,independent,1987,variety,hard-worker,Catholic,student,white,80,low,1.82
U1041,135073,cash,Japanese,14:00-23:30;,Sun;,none,Gorditas Doa Gloria,sevilla y olmedo 715 a,san luis potosi,san luis potosi,mexico,No_Alcohol_Served,not permitted,casual,no_accessibility,low,closed,2,2,1,_,Contemporary,cash,FALSE,casual drinker,informal,family,public,single,independent,1991,variety,hard-worker,Catholic,student,green,52,low,1.54
U1042,135073,VISA,Cafeteria,14:00-23:30;,Mon;Tue;Wed;Thu;Fri;,none,el lechon potosino ,circuito oriente esq. carretera 57,san luis potosi ,slp,mexico,No_Alcohol_Served,permitted,casual,no_accessibility,low,open,2,2,2,_,Mexican,cash,TRUE,abstemious,informal,friends,public,single,?,1989,variety,hard-worker,Catholic,student,black,63,medium,1.69
U1043,135073,MasterCard-Eurocard,Contemporary,14:00-23:30;,Sat;,none,Restaurante Bar Fu-hao,Jesus Goytortua 390 Tangamanga,San Luis Potosi,SLP,Mexico,Wine-Beer,none,informal,no_accessibility,high,closed,2,2,2,_,Latin_American,bank_debit_cards,FALSE,abstemious,?,?,?,?,?,1981,none,hard-worker,none,?,yellow,40,?,1.6
U1044,135072,cash,Seafood,14:00-23:30;,Sun;,yes,tortas hawai,?,?,?,?,No_Alcohol_Served,not permitted,informal,partially,medium,closed,2,2,1,_,Mexican,cash,TRUE,casual drinker,formal,family,public,single,independent,1991,variety,thrifty-protector,Catholic,student,red,65,medium,1.6
U1045,135072,VISA,Cafe-Coffee_Shop,13:00-22:30;,Mon;Tue;Wed;Thu;Fri;,none,Carls Jr,Av. V. Carranza,San Luis Potosi,San Luis Potosi,Mexico,No_Alcohol_Served,not permitted,informal,completely,medium,closed,2,2,2,_,Middle_Eastern,cash,FALSE,abstemious,no preference,solitary,car owner,single,independent,1988,technology,thrifty-protector,Catholic,student,black,84,?,1.7
U1045,135072,MasterCard-Eurocard,Cafeteria,13:30-22:30;,Sat;,none,Hamburguesas saul,Av. Saan Luis enttre moctezuma y salinas,San Luis Potosi,San Luis Potosi,mexico,No_Alcohol_Served,none,informal,completely,low,closed,2,2,2,_,Mexican,MasterCard-Eurocard,FALSE,social drinker,no preference,family,car owner,single,independent,1991,variety,hunter-ostentatious,Catholic,student,red,49,medium,1.59
U1045,135072,American_Express,Bar,13:30-22:30;,Sun;,public,Carreton de Flautas y Migadas,?,Ciudad Victoria,Tamaulipas,Mexico,No_Alcohol_Served,permitted,informal,completely,low,open,2,2,2,_,Mongolian,cash,FALSE,abstemious,no preference,solitary,public,single,independent,1989,variety,thrifty-protector,Catholic,student,black,53,medium,1.55
U1045,135071,cash,Bar_Pub_Brewery,14:00-20:00;,Mon;Tue;Wed;Thu;Fri;,yes,Rincon Huasteco,?,?,?,?,No_Alcohol_Served,none,informal,completely,low,closed,1,0,1,_,Moroccan,cash,FALSE,social drinker,informal,family,on foot,single,independent,1991,none,hard-worker,Catholic,student,blue,62,medium,1.6
U1046,135071,VISA,Mexican,14:00-20:00;,Sat;,none,El cotorreo,Emiliano Zapata Col. Tres de Mayo,Cuernavaca,Morelos,?,Wine-Beer,permitted,informal,no_accessibility,low,open,2,2,2,_,Bar,cash,TRUE,casual drinker,informal,family,public,single,independent,1990,variety,conformist,Catholic,student,white,54,low,1.6
U1047,135071,MasterCard-Eurocard,Mexican,14:00-20:00;,Sun;,yes,Gorditas Dona Tota,Zaragoza entre Francisco Zarco y Lopez Velarde,Cd. Victoria,Tamaulipas,Mexico,No_Alcohol_Served,not permitted,informal,no_accessibility,medium,closed,0,0,0,_,American,bank_debit_cards,FALSE,social drinker,no preference,friends,car owner,single,independent,1988,variety,thrifty-protector,Catholic,student,blue,50,medium,1.54
U1048,135071,American_Express,Bar,06:00-18:00;,Mon;Tue;Wed;Thu;Fri;,none,Pizzeria Julios,?,s.l.p,mexico,?,No_Alcohol_Served,not permitted,informal,partially,medium,closed,1,1,0,_,Mexican,cash,FALSE,casual drinker,no preference,family,car owner,single,independent,1989,eco-friendly,thrifty-protector,none,student,red,40,low,1.7
U1049,135070,cash,Bar_Pub_Brewery,00:00-00:00;,Sat;,none,Chilis Cuernavaca,Rio Mayo Colonia Vista Hermosa Esq. Rio Balsas,Cuernavaca,Morelos,Mexico,Wine-Beer,none,informal,no_accessibility,medium,closed,0,0,0,_,Mexican,cash,FALSE,abstemious,formal,solitary,public,single,dependent,1990,variety,thrifty-protector,Catholic,?,red,70,medium,1.69
U1050,135069,cash,Mexican,00:00-23:30;,Sun;,none,Cafe Chaires,?,San Luis Potosi,San Luis Potosi,Mexico,No_Alcohol_Served,not permitted,informal,completely,low,closed,0,0,0,_,Mexican,bank_debit_cards,TRUE,casual drinker,no preference,family,car owner,single,independent,1990,variety,thrifty-protector,Catholic,student,blue,80,medium,1.67
U1051,135068,cash,Mexican,12:00-23:30;,Mon;Tue;Wed;Thu;Fri;,none,tacos los volcanes,avenida hivno nacional,san luis potosi,san luis potos,mexico,No_Alcohol_Served,none,informal,completely,low,closed,0,0,0,_,Mexican,cash,FALSE,abstemious,informal,friends,public,single,independent,1991,variety,thrifty-protector,Catholic,student,green,59,medium,1.71
U1052,135068,VISA,Fast_Food,12:00-23:30;,Sat;,none,Little Cesarz,?,Ciudad Victoria,Tamaulipas,Mexico,No_Alcohol_Served,not permitted,informal,completely,medium,closed,0,0,0,_,Bakery,cash,FALSE,abstemious,formal,family,public,married,independent,1986,variety,thrifty-protector,Catholic,student,blue,65,medium,1.65
U1053,135068,MasterCard-Eurocard,Bar,12:00-23:30;,Sun;,none,cafe punta del cielo,?,?,?,?,No_Alcohol_Served,permitted,formal,completely,medium,closed,1,2,2,_,Mexican,VISA,FALSE,abstemious,formal,family,public,single,independent,1990,eco-friendly,hard-worker,Catholic,student,black,40,medium,1.2
U1054,135067,cash,Mexican,00:00-23:30;,Mon;Tue;Wed;Thu;Fri;,none,tacos de la estacion,?,?,?,?,No_Alcohol_Served,none,informal,no_accessibility,low,open,1,1,1,_,Mexican,cash,FALSE,abstemious,formal,family,public,single,independent,1990,variety,hard-worker,Catholic,student,black,58,medium,1.64
U1055,135067,VISA,Bar,00:00-23:30;,Sat;,none,Restaurant Orizatlan,Pascual M. Hernandez 240,San Luis Potosi,SLP,Mexico,Wine-Beer,none,informal,no_accessibility,medium,closed,2,2,2,_,Breakfast-Brunch,bank_debit_cards,FALSE,social drinker,formal,family,public,single,independent,1991,none,thrifty-protector,Catholic,student,green,68,medium,1.76
U1056,135067,MasterCard-Eurocard,Mexican,00:00-23:30;,Sun;,none,Restaurant Familiar El Chino,Paseo de las Fuentes,Jiutepec,Morelos,?,Wine-Beer,permitted,casual,partially,medium,open,2,1,1,_,Mexican,VISA,TRUE,social drinker,informal,family,public,single,independent,1989,technology,conformist,Catholic,student,purple,70,high,2
U1057,135066,cash,Contemporary,07:00-23:30;,Mon;Tue;Wed;Thu;Fri;,yes,Restaurant de Mariscos de Picon,Miguel Barragan 46 Centro,San Luis Potosi,SLP,Mexico,No_Alcohol_Served,section,informal,no_accessibility,low,closed,2,0,2,_,American,cash,FALSE,casual drinker,formal,friends,public,single,independent,1990,eco-friendly,hard-worker,Christian,student,black,40,medium,1.65
U1058,135066,VISA,Bar,07:00-23:30;,Sat;,none,Sanborns Casa Piedra,Lomas del Mirador,Cuernavaca,Morelos,Mexico,Wine-Beer,only at bar,informal,no_accessibility,medium,closed,2,2,2,_,Cuban,bank_debit_cards,FALSE,casual drinker,no preference,friends,car owner,single,independent,1988,eco-friendly,hunter-ostentatious,Catholic,student,white,50,low,1.69
U1059,135066,MasterCard-Eurocard,Bar_Pub_Brewery,07:00-23:30;,Sun;,yes,La Estrella de Dimas,Av. de los Pintores,San Luis Potosi,S.L.P.,Mexico,No_Alcohol_Served,none,informal,partially,medium,closed,1,1,1,_,Mexican,VISA,FALSE,social drinker,no preference,friends,on foot,single,independent,1989,eco-friendly,conformist,none,student,black,90,low,1.78
U1060,135065,cash,Mexican,09:30-23:30;,Mon;Tue;Wed;Thu;Fri;,none,pizza clasica,524 Soledad de Graciano Sanchez,Soledad,SLP,Mexico,No_Alcohol_Served,none,informal,no_accessibility,medium,closed,2,1,0,_,Burgers,bank_debit_cards,FALSE,abstemious,formal,friends,public,single,independent,1989,technology,hard-worker,Jewish,professional,green,120,medium,1.9
U1060,135065,VISA,Mexican,09:30-23:30;,Sat;,none,Carnitas Mata  Calle 16 de Septiembre,16 de Septiembre,victoria ,tamaulipas,?,No_Alcohol_Served,none,informal,completely,low,closed,2,1,1,_,Cafeteria,cash,TRUE,social drinker,no preference,family,car owner,single,independent,1991,technology,hunter-ostentatious,Catholic,student,blue,75,medium,1.71
U1060,135065,MasterCard-Eurocard,Bar,00:00-00:00;,Sun;,yes,Restaurante de Mariscos la Langosta,Cordillera de Los Alpes 675 Loma Verde,San Luis Potosi,SLP,Mexico,No_Alcohol_Served,none,informal,no_accessibility,medium,closed,0,0,1,_,Pizzeria,cash,FALSE,social drinker,formal,family,public,single,independent,1991,variety,hard-worker,Christian,student,green,40,medium,1.74
U1060,135065,American_Express,Bar_Pub_Brewery,13:00-23:00;,Mon;Tue;Wed;Thu;Fri;,none,Restaurante Bar El Gallinero,Pascual M. Hernandez 210 Centro,San Luis Potosi,SLP,Mexico,Wine-Beer,section,informal,no_accessibility,high,closed,1,2,1,_,Juice,cash,FALSE,casual drinker,informal,friends,car owner,single,independent,1930,technology,hard-worker,Catholic,professional,blue,65,medium,1.71
U1060,135064,cash,Chinese,13:00-23:30;,Sat;,yes,puesto de gorditas,frente al tecnologico,victoria,tamaulipas,mexico,No_Alcohol_Served,permitted,informal,no_accessibility,low,open,2,1,0,_,American,cash,FALSE,abstemious,no preference,friends,car owner,single,independent,1989,variety,hard-worker,Catholic,?,blue,87,high,1.79
U1060,135064,VISA,Mexican,13:00-22:00;,Sun;,none,Log Yin,?,?,?,?,No_Alcohol_Served,none,informal,no_accessibility,low,closed,2,1,1,_,Tex-Mex,cash,FALSE,abstemious,informal,solitary,public,single,independent,1983,technology,thrifty-protector,Catholic,student,blue,76,medium,1.81
U1060,135064,MasterCard-Eurocard,Japanese,13:00-23:30;,Mon;Tue;Wed;Thu;Fri;,none,Mariscos El Pescador,Himno Nacional 2104 Tangamanga,San Luis Potosi,SLP,Mexico,No_Alcohol_Served,none,informal,no_accessibility,medium,closed,1,2,2,_,Spanish,cash,FALSE,abstemious,formal,solitary,public,single,independent,1989,eco-friendly,thrifty-protector,Catholic,student,blue,57,low,1.72
U1060,135063,cash,Bar,13:00-23:30;,Sat;,yes,carnitas mata calle Emilio Portes Gil,Emilio Portes Gil,victoria,tamaulipas,?,No_Alcohol_Served,none,informal,completely,low,closed,2,1,1,_,Mexican,cash,FALSE,abstemious,no preference,family,car owner,single,independent,1993,variety,thrifty-protector,Catholic,student,red,85,medium,1.75
U1060,135062,cash,Cafe-Coffee_Shop,13:00-20:00;,Sun;,none,crudalia,?,?,?,?,Wine-Beer,section,casual,completely,low,open,2,2,2,_,Fast_Food,cash,TRUE,casual drinker,formal,friends,car owner,single,independent,1991,none,hard-worker,Catholic,student,white,69,medium,1.69
U1060,135061,cash,Cafeteria,07:00-23:00;,Mon;Tue;Wed;Thu;Fri;,yes,tacos de barbacoa enfrente del Tec,?,?,?,?,No_Alcohol_Served,not permitted,informal,completely,low,open,2,2,2,_,Cafe-Coffee_Shop,VISA,TRUE,casual drinker,formal,friends,car owner,single,independent,1991,none,hard-worker,Catholic,student,white,69,medium,1.69
U1060,135061,VISA,Bar,07:00-23:00;,Sat;,none,Restaurant Las Mananitas,Ricardo Linares 107,Cuernavaca,Morelos,Mexico,Wine-Beer,none,formal,no_accessibility,high,closed,2,2,1,_,Soup,bank_debit_cards,FALSE,casual drinker,formal,family,public,single,independent,1990,none,thrifty-protector,Catholic,student,blue,75,medium,1.73
U1060,135061,MasterCard-Eurocard,Bar_Pub_Brewery,07:00-23:00;,Sun;,none,Restaurante El Cielo Potosino,Julian de Los Reyes 400 Centro,San Luis Potosi,SLP,Mexico,No_Alcohol_Served,none,informal,no_accessibility,medium,closed,1,1,1,_,Hot_Dogs,cash,FALSE,abstemious,no preference,family,on foot,single,independent,1991,variety,hard-worker,Catholic,student,blue,58,medium,1.68
U1060,135061,American_Express,Mexican,09:00-23:30;,Mon;Tue;Wed;Thu;Fri;,none,Mikasa,Himno nacional esq. Blvd. Juarez,Cuernavaca,Morelos,Mexico,Wine-Beer,none,informal,no_accessibility,medium,closed,2,2,2,_,Italian,cash,TRUE,social drinker,elegant,friends,public,single,independent,1990,variety,hard-worker,Catholic,student,green,76,low,1.76
U1061,135060,cash,Mediterranean,09:00-23:30;,Sat;,yes,Cafeteria cenidet,Interior Internado Palmira SN,Cuernavaca,Morelos,Mexico,No_Alcohol_Served,not permitted,informal,no_accessibility,low,closed,1,1,0,_,Mexican,cash,FALSE,social drinker,formal,family,public,married,kids,1987,technology,thrifty-protector,Catholic,student,blue,40,medium,1.71
U1062,135059,cash,International,09:00-23:30;,Sun;,yes,Restaurante Tiberius,Munoz Sn Centro,San Luis Potosi,SLP,Mexico,No_Alcohol_Served,none,informal,no_accessibility,medium,closed,0,0,0,_,Mexican,cash,FALSE,abstemious,no preference,friends,public,single,independent,1982,technology,thrifty-protector,Catholic,professional,blue,58,medium,1.6
U1063,135058,cash,Mexican,12:00-23:30;,Mon;Tue;Wed;Thu;Fri;,yes,Cabana Huasteca,Cuauhtemoc 455,San Luis Potosi,S.L.P.,Mexico,No_Alcohol_Served,none,informal,partially,medium,closed,2,2,2,_,Mexican,cash,TRUE,casual drinker,informal,friends,public,single,independent,1987,technology,thrifty-protector,none,student,black,60,medium,1.68
U1064,135058,VISA,Italian,12:00-23:30;,Sat;,yes,Gorditas Dona Tota,?,?,?,?,No_Alcohol_Served,not permitted,informal,completely,medium,closed,2,2,2,_,Mexican,cash,FALSE,abstemious,formal,family,public,single,independent,1992,eco-friendly,thrifty-protector,Catholic,student,blue,68,medium,1.68
U1065,135058,MasterCard-Eurocard,Bar,00:00-00:00;,Sun;,valet parking,Cafeteria y Restaurant El Pacifico,Constitucion 200 Centro,San Luis Potosi,SLP,Mexico,Wine-Beer,section,informal,no_accessibility,medium,closed,1,1,1,_,Mexican,American_Express,FALSE,abstemious,informal,friends,public,single,independent,1930,variety,hard-worker,none,student,green,47,low,1.57
U1066,135057,cash,Bar_Pub_Brewery,12:00-23:00;,Mon;Tue;Wed;Thu;Fri;,none,La Virreina,Av. Carranza 830,San Luis Potosi,SLP,Mexico,Wine-Beer,none,informal,no_accessibility,medium,closed,1,2,1,_,Mexican,VISA,FALSE,social drinker,no preference,family,public,married,independent,1987,variety,thrifty-protector,Catholic,working-class,black,90,medium,1.6
U1067,135057,VISA,Bar,12:00-23:00;,Sat;,yes,Tortas Locas Hipocampo,Venustiano Carranza 719 Centro,San Luis Potosi,SLP,Mexico,No_Alcohol_Served,not permitted,informal,no_accessibility,medium,closed,1,2,0,_,Mexican,cash,?,abstemious,?,?,?,?,?,1930,none,hard-worker,none,?,yellow,40,?,1.2
U1068,135057,MasterCard-Eurocard,Bar_Pub_Brewery,12:00-23:00;,Sun;,yes,tacos abi,?,victoria,tamaulipas,mexico,No_Alcohol_Served,none,informal,completely,low,closed,0,0,0,_,Mexican,cash,FALSE,abstemious,informal,family,?,single,independent,1987,technology,hard-worker,Catholic,student,green,110,medium,1.75
U1069,135057,American_Express,Italian,07:00-23:00;,Sat;,yes,la perica hamburguesa,?,victoria,tamaulipas,?,No_Alcohol_Served,none,informal,completely,medium,closed,1,2,2,_,Mexican,cash,FALSE,casual drinker,informal,friends,public,single,independent,1991,none,hard-worker,Catholic,student,blue,51,low,1.2
U1070,135056,cash,Seafood,07:00-23:00;,Mon;Tue;Wed;Thu;Fri;,yes,McDonalds Centro,Rayon sn col. Centro,Cuernavaca,Morelos,Mexico,No_Alcohol_Served,not permitted,informal,partially,low,closed,2,1,2,_,Mexican,cash,FALSE,casual drinker,formal,friends,public,single,independent,1990,technology,hard-worker,Catholic,student,white,57,low,1.67
U1071,135055,cash,Mexican,07:00-23:00;,Sun;,none,Chaires,Ricardo B. Anaya,San Luis Potosi,San Luis Potosi,Mexico,No_Alcohol_Served,not permitted,informal,completely,medium,closed,0,1,0,_,Mexican,cash,FALSE,casual drinker,formal,friends,on foot,single,independent,1990,technology,hard-worker,Catholic,student,purple,65,low,1.63
U1072,135055,VISA,Mediterranean,14:00-23:30;,Mon;Tue;Wed;Thu;Fri;,none,Sushi Itto,Venustiano Carranza 1809 C Polanco,San Luis Potosi,SLP,Mexico,No_Alcohol_Served,none,informal,no_accessibility,medium,closed,1,1,1,_,Mexican,cash,FALSE,abstemious,no preference,solitary,public,single,independent,1992,variety,hard-worker,Catholic,student,black,65,low,1.76
U1073,135055,MasterCard-Eurocard,Burgers,14:00-23:30;,Sat;,none,Paniroles,?,?,?,?,Wine-Beer,not permitted,informal,no_accessibility,medium,closed,0,2,0,_,American,VISA,FALSE,casual drinker,no preference,friends,public,single,independent,1986,variety,thrifty-protector,Catholic,student,red,66,low,1.72
U1074,135055,American_Express,Mexican,14:00-18:00;,Sun;,none,Restaurant Bar Coty y Pablo,Paseo de Las Fuentes 24 Pedregal de Las Fuentes,Jiutepec,Morelos,Mexico,No_Alcohol_Served,none,informal,completely,low,closed,0,0,0,_,Sushi,cash,FALSE,casual drinker,no preference,friends,public,single,independent,1989,variety,thrifty-protector,none,student,purple,69,low,1.69
U1075,135054,cash,Cafe-Coffee_Shop,07:00-22:30;,Mon;Tue;Wed;Thu;Fri;,yes,sirloin stockade,?,?,?,?,No_Alcohol_Served,none,informal,completely,low,closed,2,2,2,_,Mexican,cash,?,abstemious,?,?,?,?,?,1989,none,hard-worker,none,?,yellow,40,?,1.2
